{"cameraMode":{"drawMode":0,"name":"Shaded","section":"Shading Mode"},"sceneLighting":false,"audioPlay":false,"sceneViewState":{"showFog":true,"showMaterialUpdate":false,"showSkybox":false,"showFlares":true,"showImageEffects":true,"showParticleSystems":true},"in2DMode":false,"pivot":{"x":4.247048377990723,"y":2.299999952316284,"z":2.805393695831299},"rotation":{"x":0.25753939151763918,"y":-0.6385583281517029,"z":0.2403552085161209,"w":0.6842120885848999},"size":7.078949928283691,"orthographic":true}